,mouse,date,session,object_position_x,object_position_y
0,1543,2023-02-06,of,,
1,1543,2023-02-06,opto,,
2,1543,2023-02-06,opto2,,
3,1543,2023-02-24,of,,
4,1543,2023-02-24,opto,,
5,1543,2023-02-24,opto1,,
6,1543,2023-01-25,of,,
7,1543,2023-01-25,opto1,,
8,1543,2023-01-25,opto2,,
9,1543,2023-03-06,of,,
10,1543,2023-03-06,opto,,
11,1543,2023-03-06,opto2,,
12,1543,2023-03-08,of,88.01748851831366,39.982147980377796
13,1543,2023-03-08,obj,58.32235091473294,59.813096343967416
14,1543,2023-03-08,obj1,33.30575714285341,81.53795109059483
15,1543,2023-03-08,opto,,
16,1543,2023-03-08,opto1,,
17,1543,2023-02-17,of,,
18,1543,2023-02-17,opto,,
19,1543,2023-02-17,opto2,,
20,1543,2023-03-15,of,,
21,1543,2023-03-15,opto,,
22,1543,2023-03-15,opto1,289.4447852574421,70.39086301830811
23,1543,2023-02-20,of,,
24,1543,2023-02-20,obj,51.27233293045848,50.067951856508884
25,1543,2023-02-20,obj1,34.6697697129183,83.99642814875682
26,1543,2023-02-20,opto,,
27,1543,2023-02-20,opto1,,
28,1543,2023-02-03,of,,
29,1543,2023-02-03,opto,,
30,1543,2023-02-03,opto2,,
31,1543,2023-02-13,of,,
32,1543,2023-02-13,obj,51.13196147328209,50.55085272897376
33,1543,2023-02-13,obj1,79.65467689153881,25.083841405644225
34,1543,2023-02-13,opto,,
35,1543,2023-02-13,opto2,,
36,1543,2023-01-30,of,,
37,1543,2023-01-30,opto1,,
38,1543,2023-01-30,opto2,,
39,1543,2023-02-16,of,,
40,1543,2023-02-16,opto2,,
41,1543,2023-02-16,opto3,,
42,1543,2023-02-08,of,,
43,1543,2023-02-08,opto1,,
44,1543,2023-02-08,opto2,,
45,1543,2023-02-27,of,,
46,1543,2023-02-27,obj,49.3017626460473,52.47777778830909
47,1543,2023-02-27,obj1,87.70999514711748,15.295351311280932
48,1543,2023-02-27,opto,,
49,1543,2023-02-27,opto1,,
50,1543,2023-03-29,of,,
51,1543,2023-03-29,opto,,
52,1543,2023-03-29,opto1,,
53,1543,2023-03-20,of,,
54,1543,2023-03-20,opto,,
55,1543,2023-03-20,opto1,,
56,1543,2023-03-27,of,,
57,1543,2023-03-27,opto,,
58,1543,2023-02-10,of,,
59,1543,2023-02-10,opto,,
60,1543,2023-02-10,opto1,,
61,1543,2023-03-01,of,,
62,1543,2023-03-01,opto,,
63,1543,2023-03-01,opto1,,
64,1543,2023-03-13,of,,
65,1543,2023-03-13,opto,,
66,1543,2023-03-13,opto1,275.29909038850553,65.93260147472867
67,1544,2023-03-22,of,,
68,1544,2023-03-22,obj,42.85218598576625,45.77088916392981
69,1544,2023-03-22,obj1,24.345348388305005,78.55911928967328
70,1544,2023-03-22,opto,,
71,1544,2023-03-22,opto1,,
72,1544,2023-03-22,opto2,,
73,1544,2023-04-07,of,,
74,1544,2023-04-07,opto,,
75,1544,2023-04-07,opto2,,
76,1544,2023-04-05,of,,
77,1544,2023-04-05,obj,54.790492307354995,44.32644944906632
78,1544,2023-04-05,obj1,23.70804657622561,78.80084022304911
79,1544,2023-04-05,opto,,
80,1544,2023-04-05,opto1,23.66858303312124,79.22103037763212
81,1544,2023-02-06,of,,
82,1544,2023-02-06,opto,,
83,1544,2023-02-06,opto2,,
84,1544,2023-04-17,of,,
85,1544,2023-04-17,obj,52.849502240655454,55.81988711586987
86,1544,2023-04-17,of2,,
87,1544,2023-04-17,opto1,,
88,1544,2023-04-17,opto2,,
89,1544,2023-04-26,of,,
90,1544,2023-04-26,obj,40.1392893889532,41.51213447042192
91,1544,2023-04-26,of2,,
92,1544,2023-04-26,opto,,
93,1544,2023-04-26,opto2,,
94,1544,2023-02-24,of,,
95,1544,2023-02-24,obj,59.443928013703214,62.68817116088914
96,1544,2023-02-24,obj1,29.582545623806,79.54886940670123
97,1544,2023-02-24,opto,,
98,1544,2023-02-24,opto1,,
99,1544,2023-01-25,of,,
100,1544,2023-01-25,opto1,,
101,1544,2023-01-25,opto2,,
102,1544,2023-05-05,of,,
103,1544,2023-05-05,obj,39.86860989592667,42.35245453385178
104,1544,2023-05-05,of2,,
105,1544,2023-05-05,opto,,
106,1544,2023-05-05,opto2,,
107,1544,2023-05-08,of,,
108,1544,2023-05-08,obj,59.78050594666198,39.95333460820921
109,1544,2023-05-08,obj2,36.53111205365439,32.16715322646791
110,1544,2023-05-08,opto,,
111,1544,2023-05-08,opto2,,
112,1544,2023-03-06,of,,
113,1544,2023-03-06,opto,,
114,1544,2023-03-06,opto2,,
115,1544,2023-04-03,of,,
116,1544,2023-04-03,opto,,
117,1544,2023-04-03,opto1,,
118,1544,2023-04-21,of,,
119,1544,2023-04-21,obj,55.07094537493489,60.169427341911394
120,1544,2023-04-21,of2,,
121,1544,2023-04-21,opto,,
122,1544,2023-04-21,opto2,,
123,1544,2023-03-08,of,,
124,1544,2023-03-08,obj,54.113138997551246,41.54324655241819
125,1544,2023-03-08,obj1,83.04857753883624,85.60017810012103
126,1544,2023-03-08,opto,,
127,1544,2023-03-08,opto1,,
128,1544,2023-02-17,of,,
129,1544,2023-02-17,opto,,
130,1544,2023-02-17,opto3,,
131,1544,2023-05-01,of,,
132,1544,2023-05-01,obj,49.079015969570456,51.32944905938319
133,1544,2023-05-01,obj2,88.78735768228434,13.27222170623953
134,1544,2023-05-01,opto,,
135,1544,2023-05-01,opto2,,
136,1544,2023-03-15,of,,
137,1544,2023-03-15,obj,61.17795545097201,40.851270780091035
138,1544,2023-03-15,obj1,21.94099200985613,27.97243819575707
139,1544,2023-03-15,opto,,
140,1544,2023-03-15,opto1,373.36313837515536,96.11453439264054
141,1544,2023-04-24,of,,
142,1544,2023-04-24,obj,49.30886758260753,49.86284770546816
143,1544,2023-04-24,obj2,28.962669212931885,24.979110141600515
144,1544,2023-04-24,opto,,
145,1544,2023-04-24,opto2,,
146,1544,2023-02-20,of,,
147,1544,2023-02-20,obj,51.136420173183915,52.78128482924146
148,1544,2023-02-20,obj1,35.69870754689628,85.80402313954315
149,1544,2023-02-20,opto,,
150,1544,2023-02-20,opto1,,
151,1544,2023-05-12,of,,
152,1544,2023-05-12,obj,40.19400346232821,63.312271795193126
153,1544,2023-05-12,of2,,
154,1544,2023-05-12,opto,,
155,1544,2023-05-12,opto2,,
156,1544,2023-02-13,of,,
157,1544,2023-02-13,obj,55.60937065484233,50.10797192724832
158,1544,2023-02-13,obj1,77.65015742192551,22.846653632023575
159,1544,2023-02-13,opto,,
160,1544,2023-02-13,opto1,,
161,1544,2023-02-03,of,,
162,1544,2023-02-03,opto,,
163,1544,2023-02-03,opto2,,
164,1544,2023-03-24,of,,
165,1544,2023-03-24,opto,,
166,1544,2023-03-24,opto1,,
167,1544,2023-03-24,of2,,
168,1544,2023-04-13,of,,
169,1544,2023-04-13,obj,45.08528897555083,46.62877472252768
170,1544,2023-04-13,obj1,26.068560409551246,77.8707814220901
171,1544,2023-04-13,opto,25.840063190141496,77.6612354494553
172,1544,2023-04-13,opto2,,
173,1544,2023-05-03,of,,
174,1544,2023-05-03,obj,60.89167438653343,63.46054909779436
175,1544,2023-05-03,of2,,
176,1544,2023-05-03,opto,,
177,1544,2023-05-03,opto2,,
178,1544,2023-05-10,of,,
179,1544,2023-05-10,obj,48.37991265159371,51.52652279801851
180,1544,2023-05-10,of2,,
181,1544,2023-05-10,opto,,
182,1544,2023-05-10,opto2,,
183,1544,2023-01-30,of,,
184,1544,2023-01-30,opto1,,
185,1544,2023-02-16,of,,
186,1544,2023-02-16,opto1,,
187,1544,2023-02-08,of,,
188,1544,2023-02-08,opto1,,
189,1544,2023-03-17,of,,
190,1544,2023-03-17,obj,41.493270054961116,38.91043360887453
191,1544,2023-03-17,obj1,84.47030273922114,15.366839249935474
192,1544,2023-03-17,opto2,,
193,1544,2023-03-17,opto3,,
194,1544,2023-04-11,of,,
195,1544,2023-04-11,obj,59.354869298188845,64.07222939954278
196,1544,2023-04-11,of2,,
197,1544,2023-04-11,opto,,
198,1544,2023-04-11,opto1,,
199,1544,2023-02-27,of,,
200,1544,2023-02-27,opto,,
201,1544,2023-02-27,opto1,,
202,1544,2023-03-29,of,,
203,1544,2023-03-29,obj,48.58002183014703,41.55276345140535
204,1544,2023-03-29,obj1,24.38934134366303,79.37870426716924
205,1544,2023-03-29,opto,,
206,1544,2023-03-29,opto1,96.71802698850445,98.72155203629525
207,1544,2023-03-10,of,,
208,1544,2023-03-10,opto,,
209,1544,2023-03-10,opto1,,
210,1544,2023-02-22,of,,
211,1544,2023-02-22,opto,,
212,1544,2023-02-22,opto1,,
213,1544,2023-04-19,of,,
214,1544,2023-04-19,obj,54.93989035727911,40.12158654614168
215,1544,2023-04-19,obj2,26.15693966505493,81.14587842382939
216,1544,2023-04-19,opto,,
217,1544,2023-04-19,opto2,,
218,1544,2023-03-20,of,,
219,1544,2023-03-20,obj,75.03448798434565,81.2293292708862
220,1544,2023-03-20,opto1,,
221,1544,2023-03-20,opto2,,
222,1544,2023-03-27,of,,
223,1544,2023-03-27,obj,47.00267523069637,65.03259340509058
224,1544,2023-03-27,obj1,29.042136905075928,30.774410105639827
225,1544,2023-03-27,opto,29.03030876104442,30.87262153226123
226,1544,2023-03-27,opto1,29.028169481065454,30.808389353428314
227,1544,2023-03-27,opto2,29.269734832861243,31.23844546532444
228,1544,2023-02-10,of,,
229,1544,2023-02-10,opto1,,
230,1544,2023-02-10,opto2,,
231,1544,2023-04-28,of,,
232,1544,2023-04-28,obj,39.453942427920886,68.36752102278989
233,1544,2023-04-28,of2,,
234,1544,2023-04-28,opto,,
235,1544,2023-04-28,opto2,,
236,1544,2023-03-03,of,,
237,1544,2023-03-03,obj,41.68759094297229,41.57656902883671
238,1544,2023-03-03,obj1,79.7148592091791,87.90504962423825
239,1544,2023-03-03,opto,,
240,1544,2023-03-03,opto1,,
241,1544,2023-03-01,of,,
242,1544,2023-03-01,obj,59.0408155508114,43.91803362519941
243,1544,2023-03-01,obj1,34.85711347478345,30.093641550514732
244,1544,2023-03-01,opto1,,
245,1544,2023-03-01,opto2,,
246,1544,2023-03-13,of,,
247,1544,2023-03-13,obj,51.7422726200071,48.614991106560915
248,1544,2023-03-13,obj1,21.673736051307877,26.419513515187283
249,1544,2023-03-13,opto,,
250,1544,2023-03-13,opto1,91.29556907474613,13.003742024391487
251,1738,2024-03-14,of,,
252,1738,2024-03-14,obj,44.07935087013089,36.943141747785255
253,1738,2024-03-14,of1,,
254,1738,2024-03-14,obj1,44.006661642300074,36.54340486337666
255,1738,2024-03-14,of2,,
256,1738,2024-03-14,opto,,
257,1738,2024-03-17,of,,
258,1738,2024-03-17,obj,61.16188269590102,72.11767742526574
259,1738,2024-03-17,of1,,
260,1738,2024-03-17,opto,,
261,1738,2024-03-12,of,,
262,1738,2024-03-12,obj,49.186437960616544,52.77835010780184
263,1738,2024-03-12,obj1,22.933830284226527,24.91118301992952
264,1738,2024-03-12,of1,,
265,1738,2024-03-12,opto,,
266,1738,2024-03-12,opto1,,
267,1738,2024-03-15,of,,
268,1738,2024-03-15,obj,54.09266822056119,64.27394685152892
269,1738,2024-03-15,obj1,76.10314370094001,25.83520681483374
270,1738,2024-03-15,of1,,
271,1738,2024-03-15,opto,,
272,1738,2024-03-10,of,,
273,1738,2024-03-10,opto,,
274,1738,2024-03-11,of,,
275,1738,2024-03-11,obj,64.141129196645,74.11440507327181
276,1738,2024-03-11,of1,,
277,1738,2024-03-11,obj1,62.76941001764914,75.23013627260406
278,1738,2024-03-11,of2,,
279,1738,2024-03-11,opto,,
280,1546,2023-02-13,of,,
281,1546,2023-02-13,opto,,
282,1546,2023-02-13,opto1,,
283,1546,2023-03-01,of,,
284,1546,2023-03-01,obj,56.672068839435155,45.49433628450702
285,1546,2023-03-01,obj1,29.865622330379203,27.990270732536132
286,1546,2023-03-01,opto,,
287,1546,2023-03-01,opto1,,
288,1546,2023-02-10,of,,
289,1546,2023-02-10,obj,52.120883412030835,50.31296170227816
290,1546,2023-02-10,obj1,84.73726376808811,11.933411840387087
291,1546,2023-02-10,opto,,
292,1546,2023-02-10,opto2,,
293,1546,2023-01-25,of,,
294,1546,2023-01-25,opto1,,
295,1546,2023-01-25,opto2,,
296,1546,2023-02-16,of,,
297,1546,2023-02-16,opto,,
298,1546,2023-02-16,opto2,,
299,1546,2023-02-08,of,,
300,1546,2023-02-08,opto1,,
301,1546,2023-02-08,opto2,,
302,1546,2023-02-17,of,,
303,1546,2023-02-17,opto,,
304,1546,2023-02-17,opto2,,
305,1546,2023-02-27,of,,
306,1546,2023-02-27,opto,,
307,1546,2023-02-27,opto1,,
308,1868,2025-03-20,of,,
309,1868,2025-03-20,opto,,
310,1868,2025-04-15,of,,
311,1868,2025-04-15,obj,51.13594716566637,52.7473194233179
312,1868,2025-04-15,of1,,
313,1868,2025-04-15,obj1,52.05860398221941,53.10108189859738
314,1868,2025-04-15,of2,,
315,1868,2025-04-15,opto1,,
316,1868,2025-04-15,of,,
317,1868,2025-04-15,obj,51.13594716566637,52.7473194233179
318,1868,2025-04-15,opto,51.3748771001479,54.19395530894904
319,1868,2025-04-15,obj1,52.05860398221941,53.10108189859738
320,1868,2025-04-15,of1,,
321,1868,2025-03-25,of,95.67010803614468,69.51398335404515
322,1868,2025-03-25,obj,48.307034070193644,52.78997991610107
323,1868,2025-03-25,opto,47.94716003229381,51.911600956748714
324,1868,2025-03-25,obj1,48.677073547971986,53.28413746512926
325,1868,2025-03-25,of1,,
326,1868,2025-04-15b,of,,
327,1868,2025-04-15b,obj,51.13594716566637,52.7473194233179
328,1868,2025-04-15b,opto,51.3748771001479,54.19395530894904
329,1868,2025-04-15b,obj1,52.05860398221941,53.10108189859738
330,1868,2025-04-15b,of1,,
331,1868,2025-04-01,of,,
332,1868,2025-04-01,obj,35.849030158425876,68.00203548708794
333,1868,2025-04-01,opto,65.43588143737088,34.07906506519289
334,1868,2025-04-01,obj1,65.10038798788099,33.87947840344677
335,1868,2025-04-01,of2,,
336,1868,2025-04-01,of1,,
337,1868,2025-04-01,obj,35.849030158425876,68.00203548708794
338,1868,2025-04-01,of1,,
339,1868,2025-04-01,opto,65.43588143737088,34.07906506519289
340,1868,2025-04-17,of,,
341,1868,2025-04-17,obj,63.117204816777296,32.06237216715467
342,1868,2025-04-17,of1,,
343,1868,2025-04-17,obj1,49.14661708475252,69.99664899047868
344,1868,2025-04-17,of2,,
345,1868,2025-04-17,opto,,
346,1868,2025-04-17,of,,
347,1868,2025-04-17,obj,63.117204816777296,32.06237216715467
348,1868,2025-04-17,opto,,
349,1868,2025-04-17,obj1,49.14661708475252,69.99664899047868
350,1868,2025-04-17,of2,,
351,1868,2025-03-24,of,,
352,1868,2025-03-24,obj,33.62239256832036,69.3803085202117
353,1868,2025-03-24,of1,,
354,1868,2025-03-24,obj1,32.874884800994515,68.11952625180096
355,1868,2025-03-24,of2,,
356,1868,2025-03-24,opto,,
357,1868,2025-04-08b,of,,
358,1868,2025-04-08b,obj,42.71259732117209,66.63805151234148
359,1868,2025-04-08b,opto,43.274441515262595,68.77380426823089
360,1868,2025-04-08b,obj1,42.55591952821066,67.70913862962088
361,1868,2025-04-08b,of2,,
362,1868,2025-04-27,of,,
363,1868,2025-04-27,obj,68.49692514308543,61.67581142390017
364,1868,2025-04-27,of1,,
365,1868,2025-04-27,obj1,59.66931364708161,64.37218677488336
366,1868,2025-04-27,of2,,
367,1868,2025-04-27,opto,,
368,1868,2025-04-04,of,,
369,1868,2025-04-04,obj,63.42636253578638,36.73648626747332
370,1868,2025-04-04,opto,63.93542925723325,37.098954265402206
371,1868,2025-04-04,obj1,63.823647288710525,37.25731548483248
372,1868,2025-04-04,of1,,
373,1868,2025-03-14,of,,
374,1868,2025-03-14,opto,,
375,1868,2025-04-10,of,,
376,1868,2025-04-10,obj,64.19201942256873,74.10892833506183
377,1868,2025-04-10,of1,,
378,1868,2025-04-10,obj1,64.35585967737293,74.41879427352022
379,1868,2025-04-10,of2,,
380,1868,2025-04-10,opto,63.91979423618341,73.97619583752623
381,1868,2025-04-10,of,,
382,1868,2025-04-10,obj,64.19201942256873,74.10892833506183
383,1868,2025-04-10,opto,63.91979423618341,73.97619583752623
384,1868,2025-04-10,obj1,64.35585967737293,74.41879427352022
385,1868,2025-04-10,of2,,
386,1868,2025-03-23,of,,
387,1868,2025-03-23,obj,61.61439282623845,72.16280105963885
388,1868,2025-03-23,opto,61.308471758001275,72.54660444405046
389,1868,2025-03-23,obj1,61.97352507516574,72.44220398923966
390,1868,2025-03-23,of1,,
391,1868,2025-03-13,of,,
392,1868,2025-03-13,obj,38.053964447523384,37.342331142725655
393,1868,2025-03-13,of1,,
394,1868,2025-03-13,opto,,
395,1868,2025-04-22,of,,
396,1868,2025-04-22,obj,52.165473968424784,49.28519294734927
397,1868,2025-04-22,of2,,
398,1868,2025-04-22,opto,,
399,1868,2025-03-18,of,,
400,1868,2025-03-18,obj,47.55750705842299,50.73150191949782
401,1868,2025-03-18,of1,,
402,1868,2025-03-18,obj1,46.96000643100694,51.57234577009623
403,1868,2025-03-18,of2,,
404,1868,2025-03-18,opto,,
405,1868,2025-03-08,of,,
406,1868,2025-03-08,opto,,
407,1868,2025-03-10,of,,
408,1868,2025-03-10,obj,49.08322368476295,54.36212367056139
409,1868,2025-03-10,of1,,
410,1868,2025-03-10,opto,,
411,1868,2025-03-31,of,,
412,1868,2025-03-31,obj,46.45504642850174,54.9526262598182
413,1868,2025-03-31,of1,,
414,1868,2025-03-31,obj1,47.99258772635225,56.44844397762753
415,1868,2025-03-31,of2,,
416,1868,2025-03-31,opto,,
417,1868,2025-03-21,of,,
418,1868,2025-03-21,obj,61.88131177814735,34.58127142737594
419,1868,2025-03-21,of1,,
420,1868,2025-03-21,opto,,
421,1868,2025-04-01b,of1,,
422,1868,2025-04-01b,obj,35.849030158425876,68.00203548708794
423,1868,2025-04-01b,of1,,
424,1868,2025-04-01b,opto,,
425,1868,2025-04-10b,of,,
426,1868,2025-04-10b,obj,64.19201942256873,74.10892833506183
427,1868,2025-04-10b,opto,63.91979423618341,73.97619583752623
428,1868,2025-04-10b,obj1,64.35585967737293,74.41879427352022
429,1868,2025-04-10b,of2,,
430,1868,2025-03-07,of,,
431,1868,2025-03-07,opto1,,
432,1868,2025-03-12,of,,
433,1868,2025-03-12,obj,35.165106305509084,67.14776887626365
434,1868,2025-03-12,of1,,
435,1868,2025-03-12,opto,,
436,1868,2025-05-01,of,,
437,1868,2025-05-01,obj,35.04429877609179,73.18765620201638
438,1868,2025-05-01,opto,34.840398653231915,72.42277749606028
439,1868,2025-05-01,obj1,34.76667341103557,73.40309541579714
440,1868,2025-05-01,of1,,
441,1868,2025-04-24,of,,
442,1868,2025-04-24,obj,37.80583310711224,71.10951848450837
443,1868,2025-04-24,opto1,37.245723391511774,70.51907419282237
444,1868,2025-04-24,obj1,37.96630517712054,70.90528644944918
445,1868,2025-04-24,of1,,
446,1868,2025-05-05,of,,
447,1868,2025-05-05,opto,,
448,1868,2025-04-08,of1,,
449,1868,2025-04-08,obj,69.74612867554018,35.84758950477753
450,1868,2025-04-08,of1,,
451,1868,2025-04-08,obj1,42.55591952821066,67.70913862962088
452,1868,2025-04-08,of2,,
453,1868,2025-04-08,opto,43.274441515262595,68.77380426823089
454,1868,2025-04-08,of,,
455,1868,2025-04-08,obj,69.74612867554018,35.84758950477753
456,1868,2025-04-08,opto,43.274441515262595,68.77380426823089
457,1868,2025-04-08,obj1,42.55591952821066,67.70913862962088
458,1868,2025-04-08,of2,,
459,1868,2025-04-17b,of,,
460,1868,2025-04-17b,obj,48.85866066473787,69.58828657488583
461,1868,2025-04-17b,opto,47.46699059270922,70.01189095794817
462,1868,2025-04-17b,obj1,49.14661708475252,69.99664899047868
463,1868,2025-04-17b,of2,,
464,1868,2025-03-28,of,,
465,1868,2025-03-28,obj,42.22612280808917,39.08023685504735
466,1868,2025-03-28,of1,,
467,1868,2025-03-28,obj1,42.40347663690099,36.75397801719136
468,1868,2025-03-28,of2,,
469,1868,2025-03-28,opto,,
470,1868,2025-03-17,of,,
471,1868,2025-03-17,obj,58.63079051773413,32.40233220399751
472,1868,2025-03-17,of1,,
473,1868,2025-03-17,obj1,67.79413380690538,32.354593740850596
474,1868,2025-03-17,of2,,
475,1868,2025-03-17,opto,,
476,1868,2025-04-03,of,,
477,1868,2025-04-03,obj,40.94181912493049,66.51647715273256
478,1868,2025-04-03,of1,,
479,1868,2025-04-03,obj1,38.61607788548716,68.29421076421751
480,1868,2025-04-03,of2,,
481,1868,2025-04-03,opto,,
482,1748,2024-03-22,of,,
483,1748,2024-03-22,obj,50.679811612087896,64.47053896617882
484,1748,2024-03-22,of1,,
485,1748,2024-03-22,obj1,50.483813987697864,66.96727343577354
486,1748,2024-03-22,of2,,
487,1748,2024-03-22,opto,,
488,1748,2024-03-18,of,,
489,1748,2024-03-18,opto2,,
490,1748,2024-03-18,opto3,,
491,1748,2024-04-04,of,,
492,1748,2024-04-04,obj,48.90990380183934,58.047380727713005
493,1748,2024-04-04,obj1,22.313878845771534,21.651445815802884
494,1748,2024-04-04,of1,,
495,1748,2024-04-04,opto,,
496,1748,2024-04-04,opto1,,
497,1748,2024-04-03,of,,
498,1748,2024-04-03,obj,49.89961739638193,53.92368014884199
499,1748,2024-04-03,of1,,
500,1748,2024-04-03,obj1,47.97808514232031,53.151760993135625
501,1748,2024-04-03,of2,,
502,1748,2024-04-03,opto,,
503,1748,2024-04-03,opto1,,
504,1748,2024-04-02,of,,
505,1748,2024-04-02,obj,55.975792164916186,41.16770048814368
506,1748,2024-04-02,obj1,25.03995443634256,78.89325119089675
507,1748,2024-04-02,of1,,
508,1748,2024-04-02,opto,,
509,1748,2024-04-11,of,,
510,1748,2024-04-11,opto,,
511,1748,2024-04-11,opto1,,
512,1748,2024-03-25,of,,
513,1748,2024-03-25,obj,35.99306128461411,35.38503043578961
514,1748,2024-03-25,of1,,
515,1748,2024-03-25,obj1,35.69040089023701,35.310540505680684
516,1748,2024-03-25,of2,,
517,1748,2024-03-25,opto,,
518,1748,2024-03-28,of,,
519,1748,2024-03-28,obj,38.31949512104095,70.0840385410377
520,1748,2024-03-28,of1,,
521,1748,2024-03-28,obj1,38.38494458589628,69.76039063416918
522,1748,2024-03-28,of2,,
523,1748,2024-03-28,opto,,
524,1748,2024-03-28,opto1,,
525,1748,2024-03-15,of,,
526,1748,2024-03-15,opto,,
527,1748,2024-03-30,of,,
528,1748,2024-03-30,obj,55.31415119745925,37.97934672094783
529,1748,2024-03-30,obj1,28.728248244617006,75.47585849189286
530,1748,2024-03-30,of2,,
531,1748,2024-03-30,opto,,
532,1748,2024-03-21,of,,
533,1748,2024-03-21,obj,53.31300013546434,51.06158863999618
534,1748,2024-03-21,of1,,
535,1748,2024-03-21,opto,,
536,1474,2022-09-26,of1,92.97683956161151,11.74265650511758
537,1474,2022-09-26,of2,93.24934960852667,11.889787316355047
538,1474,2022-09-26,of3,92.41112158003114,12.24927800081036
539,1474,2022-09-26,opto,,
540,1474,2022-08-31,of,,
541,1474,2022-08-31,opto,,
542,1474,2022-10-05,of1,93.69606525621492,12.289824230175297
543,1474,2022-10-05,of2,94.44585103978406,12.646905991409062
544,1474,2022-10-05,of3,95.29438088817058,12.640344257142614
545,1474,2022-10-05,opto,,
546,1474,2022-08-19,of,46.40237365248187,50.84280167029513
547,1474,2022-08-19,opto,,
548,1474,2022-10-12,of1,93.864266655941,15.084719576343556
549,1474,2022-10-12,of2,93.78308741261051,15.162910778627992
550,1474,2022-10-12,of3,94.05994896059929,15.280649440718982
551,1474,2022-10-12,opto,,
552,1474,2022-08-22,of,,
553,1474,2022-08-22,opto,,
554,1474,2022-10-17,of1,90.99915423636114,12.565189386909722
555,1474,2022-10-17,of2,93.48848745372459,13.307653763459955
556,1474,2022-10-17,of3,76.08809601404586,45.42624334523785
557,1474,2022-10-17,opto,,
558,1474,2022-10-24,of1,91.31213300413428,11.644366984846636
559,1474,2022-10-24,of2,93.14806860382875,11.758471184160555
560,1474,2022-10-24,of3,92.45732046933554,11.58077347631028
561,1474,2022-10-24,opto,,
562,1474,2022-09-30,of1,91.31097391953118,9.93770450050233
563,1474,2022-09-30,of2,82.41697562202056,75.86093988354143
564,1474,2022-09-30,of3,94.09702975747395,46.60071969115663
565,1474,2022-09-30,opto,,
566,1474,2022-09-14,of,51.098802578444335,51.28267010920054
567,1474,2022-09-14,opto,,
568,1474,2022-10-28,of1,90.69933964515872,13.426893876109704
569,1474,2022-10-28,of2,,
570,1474,2022-10-28,opto,,
571,1474,2022-08-15,of,,
572,1474,2022-08-15,opto,,
573,1474,2022-08-29,of,48.67080700841261,52.80049870011868
574,1474,2022-08-29,opto,,
575,1474,2022-09-16,of,90.89779519174938,86.44768542529316
576,1474,2022-09-16,opto,,
577,1474,2022-10-07,of1,91.68668319757515,12.66528352369284
578,1474,2022-10-07,of2,91.6836018746248,13.042259180667829
579,1474,2022-10-07,of3,93.05654327537322,12.793011235303027
580,1474,2022-10-07,opto,,
581,1474,2022-09-21,of,92.83273955006827,10.90038130597605
582,1474,2022-09-21,opto,,
583,1474,2022-09-28,of1,,
584,1474,2022-09-28,of2,67.4160369218453,63.64430376419979
585,1474,2022-09-28,of3,86.2943931199867,62.16792326715284
586,1474,2022-09-28,opto,,
587,1474,2022-09-23,of,90.79824890981443,9.381869968622347
588,1474,2022-09-23,opto,,
589,1474,2022-10-19,of1,91.33005094347241,12.588088184669612
590,1474,2022-10-19,of2,94.77634369525879,12.13017811943929
591,1474,2022-10-19,of3,92.60072714704145,12.126788708355512
592,1474,2022-10-19,opto,,
593,1636,2023-07-19,of,,
594,1636,2023-07-19,obj,42.41218175059216,45.17552975634573
595,1636,2023-07-19,obj2,83.22339625945718,84.1370880602731
596,1636,2023-07-19,of2,,
597,1636,2023-07-19,opto,,
598,1636,2023-07-19,opto2,,
599,1636,2023-08-16,of,,
600,1636,2023-08-16,obj,43.34839397769224,48.9766840577779
601,1636,2023-08-16,of2,,
602,1636,2023-08-16,opto,,
603,1636,2023-08-16,opto2,,
604,1636,2023-07-14,of,,
605,1636,2023-07-14,obj,55.98131243958591,44.629748689092914
606,1636,2023-07-14,obj2,29.1103839020779,77.70193861498528
607,1636,2023-07-14,of2,,
608,1636,2023-07-14,opto,,
609,1636,2023-07-14,opto2,97.7733827983725,100.82363093867629
610,1636,2023-07-28,of,,
611,1636,2023-07-28,obj,49.7184502589284,54.07355612515625
612,1636,2023-07-28,obj2,23.369079948292306,23.041473236709685
613,1636,2023-07-28,of2,,
614,1636,2023-07-28,opto,,
615,1636,2023-07-28,opto2,,
616,1636,2023-07-17,of,,
617,1636,2023-07-17,obj,51.455281955348504,55.09691875915311
618,1636,2023-07-17,of2,,
619,1636,2023-07-17,opto,,
620,1636,2023-07-17,opto2,,
621,1636,2023-07-24,of,,
622,1636,2023-07-24,obj,44.75481438742769,45.31832860458418
623,1636,2023-07-24,of2,,
624,1636,2023-07-24,opto,,
625,1636,2023-07-24,opto2,,
626,1636,2023-07-12,of,,
627,1636,2023-07-12,obj,44.60367011729432,62.767895922537576
628,1636,2023-07-12,of2,74.99073476621588,76.83793018243414
629,1636,2023-07-12,opto,,
630,1636,2023-07-12,opto2,,
631,1636,2023-07-07,of,,
632,1636,2023-07-07,obj,50.0724976205411,52.73925966053301
633,1636,2023-07-07,opto,,
634,1636,2023-07-07,opto2,,
635,1636,2023-07-03,of,,
636,1636,2023-07-03,opto,,
637,1636,2023-07-03,opto2,,
638,1757,2024-04-23,of,,
639,1757,2024-04-23,obj,51.09221169229149,54.63274739358067
640,1757,2024-04-23,of1,,
641,1757,2024-04-23,opto,,
642,1757,2024-04-24,of,,
643,1757,2024-04-19,of,,
644,1757,2024-04-19,opto,,
645,1757,2024-04-22,of,,
646,1757,2024-04-22,opto,,
647,1757,2024-04-22,opto1,,
648,1740,2024-03-18,of,,
649,1740,2024-03-18,obj,61.137950991147896,71.47867257182504
650,1740,2024-03-18,obj1,31.448694130487645,31.196709422345393
651,1740,2024-03-18,of1,,
652,1740,2024-03-18,opto,,
653,1740,2024-03-18,opto1,,
654,1740,2024-03-15,of,,
655,1740,2024-03-15,obj,60.444549089951174,70.64018837096228
656,1740,2024-03-15,obj1,74.97213938218826,26.192424882768794
657,1740,2024-03-15,of1,,
658,1740,2024-03-15,opto,,
659,1740,2024-03-15,opto1,,
660,1740,2024-03-08,of,,
661,1740,2024-03-08,opto,,
662,1740,2024-03-17,of,,
663,1740,2024-03-17,obj,62.09427387833722,72.26358210777984
664,1740,2024-03-17,of1,,
665,1740,2024-03-17,obj1,60.956739694064574,71.48982564187297
666,1740,2024-03-17,of2,,
667,1740,2024-03-17,opto,,
668,1740,2024-03-07,of,,
669,1740,2024-03-07,opto,,
670,1740,2024-03-04,of,,
671,1740,2024-03-04,opto,,
672,1740,2024-03-12,of,,
673,1740,2024-03-12,obj,52.68532037905305,54.38303603431388
674,1740,2024-03-12,of1,,
675,1740,2024-03-12,obj1,53.40047767030043,53.14595566382399
676,1740,2024-03-12,opto,,
677,1740,2024-03-12,opto2,,
678,1740,2024-03-14,of,,
679,1740,2024-03-14,obj,41.25590237106954,34.90625429836179
680,1740,2024-03-14,of1,,
681,1740,2024-03-14,obj1,41.1558662220991,37.43129593864273
682,1740,2024-03-14,of2,,
683,1740,2024-03-14,opto,,
684,1740,2024-03-21,of,,
685,1740,2024-03-21,obj,61.4169599235177,35.734311314222644
686,1740,2024-03-21,of1,,
687,1740,2024-03-21,obj1,63.588875449484824,34.97220579676688
688,1740,2024-03-21,of2,,
689,1740,2024-03-21,opto,,
690,1740,2024-03-21,opto1,,
691,1740,2024-03-11,of,,
692,1740,2024-03-11,obj,57.20447003838868,71.23998707028854
693,1740,2024-03-11,of1,,
694,1740,2024-03-11,opto,,
695,1464,2022-10-17,of1,83.77221816135014,38.17755211422112
696,1464,2022-10-17,of2,88.06852404142292,51.210428179488346
697,1464,2022-10-17,of3,93.4657908145887,13.853276238233182
698,1464,2022-10-17,opto,,
699,1464,2022-08-15,of,,
700,1464,2022-08-15,opto,,
701,1464,2022-08-19,of,,
702,1464,2022-08-19,opto,,
703,1464,2022-09-26,of1,90.55849303159384,12.341219138024961
704,1464,2022-09-26,of2,96.72580015512558,50.95456579246265
705,1464,2022-09-26,of3,91.1377273584395,12.394418418485365
706,1464,2022-09-26,opto,,
707,1464,2022-10-24,of1,90.72479866004402,13.903261700427656
708,1464,2022-10-24,of2,91.75176680418836,13.10075861824698
709,1464,2022-10-24,of3,92.08749443844253,13.89576709321668
710,1464,2022-10-24,opto,,
711,1464,2022-09-16,of,78.79614201971782,74.69802065355539
712,1464,2022-09-16,opto,,
713,1464,2022-09-30,of1,93.0164678193549,16.216284551533715
714,1464,2022-09-30,of2,91.67376014110032,15.808422043483334
715,1464,2022-09-30,of3,92.76865452508574,15.74230794694579
716,1464,2022-09-30,opto,,
717,1464,2022-09-28,of1,92.20481067376456,9.492602518882386
718,1464,2022-09-28,of2,91.89324516255765,9.072648161593245
719,1464,2022-09-28,of3,92.51143096381352,9.086271589482356
720,1464,2022-09-28,opto,,
721,1464,2022-09-21,of,,
722,1464,2022-09-21,opto,,
723,1464,2022-10-12,of1,89.94813453317049,13.803129254159131
724,1464,2022-10-12,of2,88.17257490808662,13.73040020842786
725,1464,2022-10-12,of3,90.82295927928627,13.743720717831376
726,1464,2022-10-12,opto,,
727,1464,2022-09-09,of,92.79078440129047,86.69352241862391
728,1464,2022-09-09,opto,,
729,1464,2022-09-23,of,89.98364150860064,13.06167632400981
730,1464,2022-09-23,opto,,
731,1884,2025-05-08,of,,
732,1884,2025-05-08,obj,60.421680543990256,34.32721564890932
733,1884,2025-05-08,opto,59.97578034553649,34.431386579381766
734,1884,2025-05-08,obj1,60.64677422526262,34.806624858494786
735,1884,2025-05-08,of1,,
736,1884,2025-05-01,of,,
737,1884,2025-05-01,obj,49.82065339143878,52.00665147649659
738,1884,2025-05-01,of1,,
739,1884,2025-05-01,opto1,,
740,1884,2025-04-10,of,,
741,1884,2025-04-10,obj,49.582004605436396,53.90060579039583
742,1884,2025-04-10,opto,,
743,1884,2025-04-10,obj1,49.40473974308775,54.83869829866934
744,1884,2025-04-10,of1,,
745,1884,2025-04-10,of,,
746,1884,2025-04-10,obj,49.582004605436396,53.90060579039583
747,1884,2025-04-10,of1,,
748,1884,2025-04-10,obj1,49.40473974308775,54.83869829866934
749,1884,2025-04-10,of2,,
750,1884,2025-04-10,opto,,
751,1884,2025-04-25,of,,
752,1884,2025-04-25,obj,58.524971699739474,66.55443272296596
753,1884,2025-04-25,of1,,
754,1884,2025-04-25,obj1,60.96843423122369,64.24886066350791
755,1884,2025-04-25,of2,,
756,1884,2025-04-25,opto,,
757,1884,2025-05-05,of,,
758,1884,2025-05-05,obj,62.678035689800325,32.60909497617937
759,1884,2025-05-05,opto,62.57761960042911,32.62367331398093
760,1884,2025-05-05,obj1,62.55516546078261,32.652883006473296
761,1884,2025-05-05,of1,,
762,1884,2025-04-22,of,,
763,1884,2025-04-22,obj,62.37062873251687,32.87857817103991
764,1884,2025-04-22,opto,,
765,1884,2025-04-22,obj1,61.24165762048314,33.609205321431624
766,1884,2025-04-22,of1,,
767,1884,2025-04-22,of,,
768,1884,2025-04-22,obj,62.37062873251687,32.87857817103991
769,1884,2025-04-22,of1,,
770,1884,2025-04-22,obj1,61.24165762048314,33.609205321431624
771,1884,2025-04-22,of2,,
772,1884,2025-04-22,opto,,
773,1884,2025-04-08,of,,
774,1884,2025-04-08,obj,68.24018226350469,35.25325861078585
775,1884,2025-04-08,of1,,
776,1884,2025-04-08,obj1,68.62146737903623,36.91834459425468
777,1884,2025-04-08,of2,,
778,1884,2025-04-08,opto,,
779,1884,2025-03-28,of,,
780,1884,2025-03-28,opto,,
781,1884,2025-04-01,of,,
782,1884,2025-04-01,opto,,
783,1884,2025-04-10b,of,,
784,1884,2025-04-10b,obj,49.582004605436396,53.90060579039583
785,1884,2025-04-10b,of1,,
786,1884,2025-04-10b,obj1,49.40473974308775,54.83869829866934
787,1884,2025-04-10b,of2,,
788,1884,2025-04-10b,opto,,
789,1884,2025-04-17,of,,
790,1884,2025-04-17,obj,61.387299650062346,37.00536134385223
791,1884,2025-04-17,of1,,
792,1884,2025-04-17,obj1,62.57140192103711,38.018985117010594
793,1884,2025-04-17,of2,69.14383529882248,41.925630998800074
794,1884,2025-04-17,opto,,
795,1884,2025-05-06,of,,
796,1884,2025-05-06,obj,47.68537444264739,47.89391073589107
797,1884,2025-05-06,of1,,
798,1884,2025-05-06,obj1,48.945558053699365,52.36837218942529
799,1884,2025-05-06,of2,,
800,1884,2025-05-06,opto,,
801,1884,2025-04-22b,of,,
802,1884,2025-04-22b,obj,62.37062873251687,32.87857817103991
803,1884,2025-04-22b,of1,,
804,1884,2025-04-22b,obj1,61.24165762048314,33.609205321431624
805,1884,2025-04-22b,of2,,
806,1884,2025-04-22b,opto,,
807,1884,2025-04-03,of,,
808,1884,2025-04-03,opto,,
809,1884,2025-04-27,of,,
810,1884,2025-04-27,obj,38.519887539156045,38.18086183783751
811,1884,2025-04-27,opto,41.71075631637011,37.673538091128236
812,1884,2025-04-27,obj1,41.73250999710631,37.404879284799186
813,1884,2025-04-27,of2,,
814,1884,2025-04-04,of,,
815,1884,2025-04-04,obj1,46.35271491219901,54.35286390310291
816,1884,2025-04-04,of1,,
817,1884,2025-04-04,opto,,
818,1870,2025-03-14,of1,,
819,1870,2025-03-14,opto,,
820,1870,2025-03-23,of,,
821,1870,2025-03-23,obj,61.49350365490329,36.62605210518417
822,1870,2025-03-23,opto,63.12456766143001,37.021725210468404
823,1870,2025-03-23,obj1,62.20962674607392,36.10600651125661
824,1870,2025-03-23,of1,,
825,1870,2025-03-20,of,,
826,1870,2025-03-20,opto,,
827,1870,2025-03-27,of,,
828,1870,2025-03-27,obj,40.276711631336724,38.645142841104004
829,1870,2025-03-27,of1,,
830,1870,2025-03-27,obj1,40.1570840825113,36.918328624570904
831,1870,2025-03-27,of2,,
832,1870,2025-03-27,opto,,
833,1870,2025-03-28,of,,
834,1870,2025-03-28,obj,56.03892279183353,66.86097923322055
835,1870,2025-03-28,opto,56.101199138637675,67.76536796389458
836,1870,2025-03-28,obj1,56.511995620219345,67.59664923827135
837,1870,2025-03-28,of2,,
838,1870,2025-03-31,of,,
839,1870,2025-03-31,obj,49.15890734160329,51.54165746629929
840,1870,2025-03-31,of1,,
841,1870,2025-03-31,opto,,
842,1870,2025-03-17,of,,
843,1870,2025-03-17,obj,60.55038801367232,63.62650692513995
844,1870,2025-03-17,of1,,
845,1870,2025-03-17,opto,,
846,1870,2025-04-01,of,,
847,1870,2025-04-01,obj,63.65689198582844,35.07421129307044
848,1870,2025-04-01,opto,63.8228364584509,35.71336752637174
849,1870,2025-04-01,obj1,63.69290321336083,36.030432129909315
850,1870,2025-04-01,of2,,
851,1870,2025-03-21,of,,
852,1870,2025-03-21,obj,51.9106692373767,58.25419912694701
853,1870,2025-03-21,of1,,
854,1870,2025-03-21,opto,,
855,1870,2025-03-04,of,,
856,1870,2025-03-04,opto,,
857,1870,2025-03-08,of,,
858,1870,2025-03-08,opto,,
859,1885,2025-05-08,of,,
860,1885,2025-05-08,obj,60.79480117241173,71.16833060916798
861,1885,2025-05-08,opto,60.26232056215503,70.0711519700425
862,1885,2025-05-08,obj1,60.49435992275776,70.95330160577893
863,1885,2025-05-08,of1,,
864,1885,2025-05-01,of,,
865,1885,2025-05-01,obj,61.90227463458501,71.09895937957887
866,1885,2025-05-01,of1,,
867,1885,2025-05-01,obj1,59.82490319612694,68.4905197628225
868,1885,2025-05-01,of2,,
869,1885,2025-05-01,opto,,
870,1885,2025-05-26,of,,
871,1885,2025-05-26,obj,40.08200883772669,74.17821004495616
872,1885,2025-05-26,opto,40.25307710960109,74.07972047849093
873,1885,2025-05-26,obj1,40.140724003723896,73.97299798407884
874,1885,2025-05-26,of1,,
875,1885,2025-05-13,of,,
876,1885,2025-05-13,obj,49.78998289544546,50.91423434286761
877,1885,2025-05-13,opto,48.98266330161498,49.143883675653946
878,1885,2025-05-13,obj1,49.58141859684713,49.849797630895
879,1885,2025-05-13,of1,,
880,1885,2025-04-24,of,,
881,1885,2025-04-24,opto,,
882,1885,2025-04-25,of,,
883,1885,2025-04-25,opto,,
884,1885,2025-05-05,of,,
885,1885,2025-05-05,obj,33.49008769779308,67.93239675099873
886,1885,2025-05-05,opto,33.37745415306884,68.11891892029165
887,1885,2025-05-05,obj1,33.388544495168844,67.89839041687524
888,1885,2025-05-05,of1,,
889,1885,2025-05-09,of,,
890,1885,2025-05-09,obj,60.34318374549534,37.589497694618714
891,1885,2025-05-09,of1,,
892,1885,2025-05-09,obj1,61.269031826749355,33.79747062051647
893,1885,2025-05-09,of1,,
894,1885,2025-05-09,opto,,
895,1885,2025-04-17,of,,
896,1885,2025-04-17,opto,,
897,1885,2025-05-22,of,,
898,1885,2025-05-22,obj,38.64336820746745,69.15270256334898
899,1885,2025-05-22,opto1,38.36947150942106,67.75392809925606
900,1885,2025-05-22,obj1,38.334868882369285,68.36005968290479
901,1885,2025-05-22,of1,,
902,1885,2025-05-06,of,,
903,1885,2025-05-06,obj,41.917789443379355,38.47268029437402
904,1885,2025-05-06,of1,,
905,1885,2025-05-06,obj1,41.60582700126822,41.56341744121037
906,1885,2025-05-06,of2,,
907,1885,2025-05-06,opto,,
908,1885,2025-05-20,of,,
909,1885,2025-05-20,obj,47.767957651051496,51.767538668545534
910,1885,2025-05-20,of1,,
911,1885,2025-05-20,obj1,50.4716218205943,51.915936391158006
912,1885,2025-05-20,of2,,
913,1885,2025-05-20,opto,,
914,1885,2025-05-24,of,,
915,1885,2025-05-24,obj,68.63586912985998,33.964579329994784
916,1885,2025-05-24,of1,,
917,1885,2025-05-24,obj1,68.42041200645555,31.25425003539151
918,1885,2025-05-24,of2,,
919,1885,2025-05-24,opto,,
920,1885,2025-05-27,of,,
921,1885,2025-05-27,obj,61.81706289861881,38.577172886800945
922,1885,2025-05-27,of1,,
923,1885,2025-05-27,opto,,
924,1404,2022-07-29,of,,
925,1404,2022-07-29,opto,,
926,1404,2022-08-01,of,,
927,1404,2022-08-01,opto,,
928,1886,2025-05-08,of,,
929,1886,2025-05-08,obj,58.438151486718475,72.38646260881785
930,1886,2025-05-08,opto,58.423610265500876,72.43926121634526
931,1886,2025-05-08,obj1,58.185737319992974,71.93118554632564
932,1886,2025-05-08,of1,61.541802385977924,62.98878363302596
933,1886,2025-06-02,of,,
934,1886,2025-06-02,obj,70.79351844874552,30.03499713207871
935,1886,2025-06-02,of1,,
936,1886,2025-06-02,obj1,72.16390612075155,32.205336080267045
937,1886,2025-06-02,of2,,
938,1886,2025-06-02,opto,,
939,1886,2025-04-25,of,,
940,1886,2025-04-25,obj,55.34488014950159,53.81318477338691
941,1886,2025-04-25,of1,,
942,1886,2025-04-25,obj1,48.95330186388384,53.04366826270204
943,1886,2025-04-25,of2,,
944,1886,2025-04-25,opto,,
945,1886,2025-04-17,of,,
946,1886,2025-04-17,opto,,
947,1886,2025-04-27,of,,
948,1886,2025-04-27,obj,35.15127316860861,68.9241972471999
949,1886,2025-04-27,opto,35.34317312114873,69.03247473840312
950,1886,2025-04-27,obj1,34.78386465934684,68.08166286281673
951,1886,2025-04-27,of2,,
952,1886,2025-04-10,of,,
953,1886,2025-04-10,opto,,
954,1886,2025-05-13,of,,
955,1886,2025-05-13,obj,61.20905810222697,67.5505366030928
956,1886,2025-05-13,opto,61.370282400517354,66.49515755773615
957,1886,2025-05-13,obj1,60.752236452756954,66.19711646278458
958,1886,2025-05-13,of1,,
959,1886,2025-04-22,of,,
960,1886,2025-04-22,opto,,
961,1886,2025-05-09,of,,
962,1886,2025-05-09,obj,63.66224339415027,38.43958778018222
963,1886,2025-05-09,of1,,
964,1886,2025-05-09,obj1,64.40661302949297,36.91249859310997
965,1886,2025-05-09,of2,,
966,1886,2025-05-09,otpo,,
967,1886,2025-05-20,of,,
968,1886,2025-05-20,obj,52.19696225930797,56.47631506219493
969,1886,2025-05-20,of1,,
970,1886,2025-05-20,obj1,48.16381599876147,50.98910081046662
971,1886,2025-05-20,of2,,
972,1886,2025-05-20,opto,,
973,1886,2025-05-29,of,,
974,1886,2025-05-29,obj,50.721186562761794,55.09620542718718
975,1886,2025-05-29,opto,50.94855700977403,55.158380088235
976,1886,2025-05-29,obj1,50.83377980882811,54.48597878996743
977,1886,2025-05-29,of1,,
978,1886,2025-05-01,of,,
979,1886,2025-05-01,obj,60.350052125519646,68.30771278375956
980,1886,2025-05-01,of1,,
981,1886,2025-05-01,obj1,62.61256950187312,64.09289773888867
982,1886,2025-05-01,of2,,
983,1886,2025-05-01,opto,,
984,1886,2025-05-26,of,,
985,1886,2025-05-26,obj,63.19415446828919,70.39426516481291
986,1886,2025-05-26,of1,,
987,1886,2025-05-26,obj1,63.768334434380876,68.95220986230925
988,1886,2025-05-26,of2,,
989,1886,2025-05-26,opto,,
990,1886,2025-04-24,of,,
991,1886,2025-04-24,opto,,
992,1886,2025-05-05,of,,
993,1886,2025-05-05,obj,58.92084554144599,36.062167428162375
994,1886,2025-05-05,opto,59.3862811539069,36.002333586174196
995,1886,2025-05-05,obj1,59.49662055639379,36.071834566611145
996,1886,2025-05-05,of1,,
997,1886,2025-03-28,of,,
998,1886,2025-03-28,opto,,
999,1886,2025-05-22,of,,
1000,1886,2025-05-22,obj,60.25876368651293,72.62311252909876
1001,1886,2025-05-22,opto,60.36941014864947,71.39582026387104
1002,1886,2025-05-22,obj1,60.360932095434265,71.43120922338282
1003,1886,2025-05-22,of2,,
1004,1886,2025-05-06,of,,
1005,1886,2025-05-06,obj,39.389796294007155,37.48238553039595
1006,1886,2025-05-06,of1,,
1007,1886,2025-05-06,obj1,41.29294652848851,38.35640254864136
1008,1886,2025-05-06,of2,,
1009,1886,2025-05-06,opto,,
1010,1886,2025-05-27,of,,
1011,1886,2025-05-27,obj,59.9115263371573,37.27477873663105
1012,1886,2025-05-27,of1,,
1013,1886,2025-05-27,obj1,59.210472615391836,38.35429759372992
1014,1886,2025-05-27,of2,,
1015,1886,2025-05-27,opto,,
